Filename,Font name,Uploaded to google drive,Download FREE font from:,,,,font_folder
1001,Marat Sans DemiBold Small Caps,YES,https://fontstand.com/fonts/marat-sans,,,,
1002,Bixa Stripe,YES,https://www.fontspace.com/mouldy-cheese-font-f95405,,,,bread-store
1003,Intellecta,YES,Intellecta Typewriter Font by Intellecta Design ¬∑ Creative Fabrica,,,,
1004,NotEven,YES,https://www.fontzillion.com/fonts/jaycefontz/noteven,,,,
1005,,YES,https://www.fontzillion.com/fonts/gnu-freefont/freesans?utm_source=fontsquirrel.com&utm_medium=matcherator_link&utm_campaign=freesansgnufreefont,,,,
1006,Nimbus Sans Std Bold Condensed,YES,https://www.fontspace.com/oblata-display-font-f140482,,,,itc-garamond-std-book-condensed
1007,Manual Compressed,YES,https://en.maisfontes.com/manual-compressed.font,,,,manual-compressed-maisfontes.c12d
1008,,,,,,,
1009,,,,,,,
1010,Pesto Fresco Leaves,YES,https://font.download/font/signature-presto,,,,
1011,,,,,,,
1012,TypoSlabserif-Light,YES,https://font.download/font/typo-slab-serif,,,,
1013,Aliquam ,YES,https://www.fontspace.com/aliquam-font-f13154,,,,
1014,shagenes ëÅã Sans-Serif Typeface,YES,https://font.download/font/typo-grotesk-rounded,,,,
1015,Horacio Larkin Sans-Serif Typeface,YES,https://font.download/font/core-sans-a,,,,
1016,Baskerville Classico Std Roman,YES,https://www.freefontdownload.org/en/search?search=Baskerville%20Classico%20Std%20Roman%20byLinotype,,,,
1017,Wafterby Smooth Corner Italic,YES,https://freefontdl.com/wafterby-family-font/,,,,
1018,Helvetica Pro Narrow Bold,YES,https://www.freefontdownload.org/en/helvetica-narrow-bold.font,,,,
1019,Boromir Caps,YES,https://en.bestfonts.pro/font/download-web/600d6353dd92630a0c1df5f9/BoromirCaps,,,,
1020,,,,,,,
1021,Delm Medium,YES,https://en.bestfonts.pro/font/delm,,,,todes-medium
1022,Fabrizio B-SC,YES,https://www.whatfontis.com/NMY_Fabrizio-B-SC.font,,,,
1023,FF FancyWriting Std Median,YES,https://fontsgeek.com/fonts/FancyWritingMega-Regular,,,,fancywriting-mega-regular
1024,Casual Script,YES,https://www.1001fonts.com/casualscript-font.html,,,,
1025,Hand Scribble Sketch Times Rough,YES,https://www.dafont.com/hand-times.font,,,,
1026, zachariah.kessler ëÅã Sans-Serif,YES,https://font.download/font/pf-square-sans-pro,,,,
1027,Izmir Narrow Heavy Italic,YES,https://www.maisfontes.com/izmir-narrow-heavy-italic.font,,,,
1028,tortiz ëÅã Display Typeface,YES,https://font.download/font/good-and-evil-day,,,,
1029,"Theano Old Style Regular Style",YES,https://www.fontspace.com/theano-font-f13396,,,,
1030,Grimnotes Alternates,YES,https://fonts2u.com/grimnotes-alternate-demo.font,,,,grimnotes
1031,Burford Rustic Book Black,YES,https://www.webfontfree.com/en/download/BurfordRusticBookBlack,,,,
1032,VLNL Irish Stew,YES,https://www.onlinewebfonts.com/download/698b7903bc9f6d416111a726464fd8b7,,,,
1033,Impact by Vladimir Nikolic,YES,https://www.dafont.com/impact.font,,,,
1034,Chantal Medium Regular,YES,https://freefonts.co/fonts/chantal-medium-regular,,,,chantal-medium-regular
1035,specimen/Montserrat,YES,https://fonts.google.com/specimen/Montserrat,,,,
1036,Rodetta Stamp,YES,https://fontmeme.com/fonts/rodetta-grezline-studio-font/,,,,
1037,Vollkorn,YES,https://fonts.google.com/specimen/Vollkorn,,,,
1038,Petunia Sans Italic,YES,https://en.maisfontes.com/petunia-sans-italic.font,,,,
1039,Marlon Pro Heavy,YES,https://maisfontes.com/marlon-pro-heavy.font?utm_source=chatgpt.com,,,,
1040,Times New Roman Pro Extra Bold,YES,https://en.maisfontes.com/times-new-roman-monotype-extra-bold.font?utm_source=chatgpt.com,,,,times-new-roman
1041,Baskerville Old Face SH Regular,YES,https://1000fonts.com/baskerville-old-face-sh?utm_source=chatgpt.com,,,,baskerville(family)
1042,Core Sans NR SC 77 Cond ExtraBold,YES,https://www.onlinewebfonts.com/download/2086f778d832cc6c6f85ea52856a2b39?utm_source=chatgpt.com,,,,
1043,Paralucent Condensed Bold Italic,YES,https://www.freefontdownload.org/en/paralucent-cond-bold.font?utm_source=chatgpt.com,,,,
1044,VertiCaps,YES,https://www.dafont.com/verticaps.font?utm_source=chatgpt.com,,,,
1045,Bebas Neue,YES,https://fonts.google.com/specimen/Bebas+Neue?query=Bebas+Neue,,,,bebas-neue(family)
1046,Share Tech,YES,https://fonts.google.com/specimen/Share+Tech,,,,
1047,Nimbus Sans	,YES,https://www.fontsquirrel.com/fonts/nimbus-sans-l?q%5Bterm%5D=Nimbus+Sans%09&q%5Bsearch_check%5D=Y,,,,nimbus-sans(family)
1048,Stardos Stencil,YES,https://fonts.google.com/specimen/Stardos+Stencil,,,,stencil
1049,Libre Bodoni,YES,https://fonts.google.com/specimen/Libre+Bodoni,,,,
1050,Raleway,YES,https://fonts.google.com/specimen/Raleway,,,,
1051,"Bree Serif",YES,https://fonts.google.com/specimen/Bree+Serif,,,,
1052,Merriweather,YES,https://fonts.google.com/specimen/Merriweather,,,,
1053,Press Start 2P,YES,https://fonts.google.com/specimen/Press+Start+2P,,,,
1054,Roboto,YES,https://fonts.google.com/specimen/Roboto,,,,
1055,Libre Baskerville,YES,https://fonts.google.com/specimen/Libre+Baskerville,,,,baskerville(family)
1056,,,,,,,
1057,,,,,,,
1058,,,,,,,
1059,,,,,,,
1060,,,,,,,
1061,,,,,,,
1062,,,,,,,
1063,,,,,,,
1064,,,,,,,
1065,,,,,,,
1066,,,,,,,
1067,,,,,,,
1068,,,,,,,
1069,,,,,,,
1070,,,,,,,
1071,,,,,,,
1072,,,,,,,
1073,,,,,,,
1074,,,,,,,
1075,,,,,,,
1076,,,,,,,
1077,,,,,,,
1078,,,,,,,
1079,,,,,,,
1080,,,,,,,
1081,,,,,,,
1082,,,,,,,
1083,,,,,,,
1084,,,,,,,
1085,,,,,,,
1086,,,,,,,
1087,,,,,,,
1088,,,,,,,
1089,,,,,,,
1090,,,,,,,
1091,,,,,,,
1092,,,,,,,
1093,,,,,,,
1094,,,,,,,
1095,,,,,,,
1096,,,,,,,
1097,,,,,,,
1098,,,,,,,
1099,,,,,,,
1100,,,,,,,
1101,,,,,,,
1102,,,,,,,
1103,,,,,,,
1104,,,,,,,
1105,,,,,,,
1106,,,,,,,
1107,,,,,,,
1108,,,,,,,
1109,,,,,,,
1110,,,,,,,
1111,,,,,,,
1112,,,,,,,
1113,,,,,,,
1114,,,,,,,
1115,,,,,,,
1116,,,,,,,
1117,,,,,,,
1118,,,,,,,
1119,,,,,,,
1120,,,,,,,
1121,,,,,,,
1122,,,,,,,
1123,,,,,,,
1124,,,,,,,
1125,,,,,,,
1126,,,,,,,
1127,,,,,,,
1128,,,,,,,
1129,,,,,,,
1130,,,,,,,
1131,,,,,,,
1132,,,,,,,
1133,,,,,,,
1134,,,,,,,
1135,,,,,,,
1136,,,,,,,
1137,,,,,,,
1138,,,,,,,
1139,,,,,,,
1140,,,,,,,
1141,,,,,,,
1142,,,,,,,
1143,,,,,,,
1144,,,,,,,
1145,,,,,,,
1146,,,,,,,
1147,,,,,,,
1148,,,,,,,
1149,,,,,,,
1150,,,,,,,
1151,,,,,,,
1152,,,,,,,
1153,,,,,,,
1154,,,,,,,
1155,,,,,,,
1156,,,,,,,
1157,,,,,,,
1158,,,,,,,
1159,,,,,,,
1160,,,,,,,
1161,,,,,,,
1162,,,,,,,
1163,,,,,,,
1164,,,,,,,
1165,,,,,,,
1166,,,,,,,
1167,,,,,,,
1168,,,,,,,
1169,,,,,,,
1170,,,,,,,
1171,,,,,,,
1172,,,,,,,
1173,,,,,,,
1174,,,,,,,
1175,,,,,,,
1176,,,,,,,
1177,,,,,,,
1178,,,,,,,
1179,,,,,,,
1180,,,,,,,
1181,,,,,,,
1182,,,,,,,
1183,,,,,,,
1184,,,,,,,
1185,,,,,,,
1186,,,,,,,
1187,,,,,,,
1188,,,,,,,
1189,,,,,,,
1190,,,,,,,
1191,,,,,,,
1192,,,,,,,
1193,,,,,,,
1194,,,,,,,
1195,,,,,,,
1196,,,,,,,
1197,,,,,,,
1198,,,,,,,
1199,,,,,,,
1200,,,,,,,
1201,,,,,,,
1202,,,,,,,
1203,,,,,,,
1204,,,,,,,
1205,,,,,,,
1206,,,,,,,
1207,,,,,,,
1208,,,,,,,
1209,,,,,,,
1210,,,,,,,
1211,,,,,,,
1212,,,,,,,
1213,,,,,,,
1214,,,,,,,
1215,,,,,,,
1216,,,,,,,
1217,,,,,,,
1218,,,,,,,
1219,,,,,,,
1220,,,,,,,
1221,,,,,,,
1222,,,,,,,
1223,,,,,,,
1224,,,,,,,
1225,,,,,,,
1226,,,,,,,
1227,,,,,,,
1228,,,,,,,
1229,,,,,,,
1230,,,,,,,
1231,,,,,,,
1232,,,,,,,
1233,,,,,,,
1234,,,,,,,
1235,,,,,,,
1236,,,,,,,
1237,,,,,,,
1238,,,,,,,
1239,,,,,,,
1240,,,,,,,
1241,,,,,,,
1242,,,,,,,
1243,,,,,,,
1244,,,,,,,
1245,,,,,,,
1246,,,,,,,
1247,,,,,,,
1248,,,,,,,
1249,,,,,,,
1250,,,,,,,
1251,,,,,,,
1252,,,,,,,
1253,,,,,,,
1254,,,,,,,
1255,,,,,,,
1256,,,,,,,
1257,,,,,,,
1258,,,,,,,
1259,,,,,,,
1260,,,,,,,
1261,,,,,,,
1262,,,,,,,
1263,,,,,,,
1264,,,,,,,
1265,,,,,,,
1266,,,,,,,
1267,,,,,,,
1268,,,,,,,
1269,,,,,,,
1270,,,,,,,
1271,,,,,,,
1272,,,,,,,
1273,,,,,,,
1274,,,,,,,
1275,,,,,,,
1276,,,,,,,
1277,,,,,,,
1278,,,,,,,
1279,,,,,,,
1280,,,,,,,
1281,,,,,,,
1282,,,,,,,
1283,,,,,,,
1284,,,,,,,
1285,,,,,,,
1286,,,,,,,
1287,,,,,,,
1288,,,,,,,
1289,,,,,,,
1290,,,,,,,
1291,,,,,,,
1292,,,,,,,
1293,,,,,,,
1294,,,,,,,
1295,,,,,,,
1296,,,,,,,
1297,,,,,,,
1298,,,,,,,
1299,,,,,,,
1300,,,,,,,
1301,,,,,,,
1302,,,,,,,
1303,,,,,,,
1304,,,,,,,
1305,,,,,,,
1306,,,,,,,
1307,,,,,,,
1308,,,,,,,
1309,,,,,,,
1310,,,,,,,
1311,,,,,,,
1312,,,,,,,
1313,,,,,,,
1314,,,,,,,
1315,,,,,,,
1316,,,,,,,
1317,,,,,,,
1318,,,,,,,
1319,,,,,,,
1320,,,,,,,
1321,,,,,,,
1322,,,,,,,
1323,,,,,,,
1324,,,,,,,
1325,,,,,,,
1326,,,,,,,
1327,,,,,,,
1328,,,,,,,
1329,,,,,,,
1330,,,,,,,
1331,,,,,,,
1332,,,,,,,
1333,,,,,,,
1334,,,,,,,
1335,,,,,,,
1336,,,,,,,
1337,,,,,,,
1338,,,,,,,
1339,,,,,,,
1340,,,,,,,
1341,,,,,,,
1342,,,,,,,
1343,,,,,,,
1344,,,,,,,
1345,,,,,,,
1346,,,,,,,
1347,,,,,,,
1348,,,,,,,
1349,,,,,,,
1350,,,,,,,
1351,,,,,,,
1352,,,,,,,
1353,,,,,,,
1354,,,,,,,
1355,,,,,,,
1356,,,,,,,
1357,,,,,,,
1358,,,,,,,
1359,,,,,,,
1360,,,,,,,
1361,,,,,,,
1362,,,,,,,
1363,,,,,,,
1364,,,,,,,
1365,,,,,,,
1366,,,,,,,
1367,,,,,,,
1368,,,,,,,
1369,,,,,,,
1370,,,,,,,
1371,,,,,,,
1372,,,,,,,
1373,,,,,,,
1374,,,,,,,
1375,,,,,,,
1376,,,,,,,
1377,,,,,,,
1378,,,,,,,
1379,,,,,,,
1380,,,,,,,
1381,,,,,,,
1382,,,,,,,
1383,,,,,,,
1384,,,,,,,
,,,,,,,
,,,,,,,
,,,,,,,
,,,,,,,
10001,Barclays Premier League.ttf,YES,https://www.whatfontis.com/FF_PremierLeague.font,Tang Medium SCOSF,Tang Medium SCOSF,Tang Medium SCOSF,premierleague
10002,Hakuna-Sans.otf,YES,https://www.whatfontis.com/FF_Hakuna-Sans.font,Touch Me Sans Petite Black,Touch Me Sans Petite Black,Touch Me Sans Petite Black,hakuna-sans
10003,itc-garamond-std-book-condensed.otf,YES,https://www.freefontdownload.org/en/itc-garamond-std-book-condensed.font,ITC Garamond Condensed Book,ITC Garamond Condensed Book,ITC Garamond Condensed Book,itc-garamond-std-book-condensed
10004,Recta Medium Condensed.ttf,YES,https://dafont.style/download/recta-fonts.html,Recta Medium Small Caps,Recta Medium Small Caps,Recta Medium Small Caps,
10005,HelveticaNeueBold.otf,YES,https://font.download/font/helvetica-neue-5,Neue Helvetica Thai Bold,Neue Helvetica Thai Bold,Neue Helvetica Thai Bold,helvetica-neue(family)
,,,,,,,
10007,BebasNeue Regular.otf,YES,https://font.download/font/bebas-neue,Bebas Neue Semi Rounded,Bebas Neue Semi Rounded,Bebas Neue Semi Rounded,basquiat-regular
,,,,,,,
10009,lifescef-regular.otf,YES,https://maisfontes.com/lifescef-regular.font,Life Small Caps Regular,Life Small Caps Regular,Life Small Caps Regular,life-smallcaps-ef-regular
10010,DharmaGothicE_Regular_R.otf,YES,https://dafont.style/download/dharma-gothic-font.html,Dharma Ghotic Rounded M,Dharma Ghotic Rounded M,Dharma Ghotic Rounded M,dharma-gothic-e(family)
,,,,,,,
10012,helonik-extended-bold.otf,YES,maisfontes.com/helonik-extended-bold.font,Helonik Extended Bold,Helonik Extended Bold,Helonik Extended Bold,helonik-extended-bold
10013,Gill Facia MT Std Regular.otf,YES,https://freefonts.co/fonts/gill-facia-mt-std-regular,Gil Facia ,Gil Facia ,Gil Facia ,gill-facia-mt-std-regular
10014,HelveticaNeueBold.otf,YES,https://font.download/font/helvetica-255,Helvetica Thai Bold,Helvetica Thai Bold,Helvetica Thai Bold,helvetica-neue(family)
10015,HelveticaNeueMedium.otf,YES,https://font.download/font/helvetica-neue-5,Neue Helvetica Paneuropean,Neue Helvetica Paneuropean,Neue Helvetica Paneuropean,helvetica-neue(family)
10016,BASKE1.ttf,YES,https://font.download/font/baskerville,Baskersville Nr 1 sh,Baskersville Nr 1 sh,Baskersville Nr 1 sh,
10017,hinted-CheyenneSans-Italic.ttf,YES,https://www.whatfontis.com/FF_Cheyenne-Sans-Medium-Italic.font,Gravitica Regular Italic,Gravitica Regular Italic,Gravitica Regular Italic,cheyenne-sans-medium-italic
10018,HelveticaNeueBold.otf,YES,https://font.download/font/helvetica-255,Neue Helvetica Thai Bold,Neue Helvetica Thai Bold,Neue Helvetica Thai Bold,helvetica-neue(family)
10019,bigola-display-regular.otf,YES,https://ifonts.xyz/bigola-display-font.html,Bigola Display Regular,Bigola Display Regular,Bigola Display Regular,bigola-display(family)
,,,,,,,
10021,modal-semi-bold.otf,YES,maisfontes.com/modal-semi-bold,Modal Semibold Backslant,Modal Semibold Backslant,Modal Semibold Backslant,modal-semi-bold
10022,NimbusRomNo9L-RegIta.otf,YES,https://font.download/font/nimbus-roman-no9l,Nimbus Roman No. 9 Std Regular SC,Nimbus Roman No. 9 Std Regular SC,Nimbus Roman No. 9 Std Regular SC,nimbus-roman-no9l(family)
10023,FancyWriting-Mega Regular.ttf,YES,https://fontsgeek.com/fonts/FancyWritingMega-Regular,FF FancyWriting Std Median,FF FancyWriting Std Median,FF FancyWriting Std Median,fancywriting-mega-regular
10024,HAMMOCK-Black.otf,YES,https://www.dafont.com/hammock.font,Hammock,Hammock,Hammock,
10025,HandTIMES.ttf,YES,https://www.dafont.com/hand-times.font,Hand Scribble Sketch Times Rough,Hand Scribble Sketch Times Rough,Hand Scribble Sketch Times Rough,hand_times
10026,BebasNeue Bold.otf,YES,https://font.download/font/bebas-neue,Bebas Neue Pro Bold Italic,Bebas Neue Pro Bold Italic,Bebas Neue Pro Bold Italic,bebas-neue(family)
,,,,,,,
10028,Helvetica Bold Condensed.otf,YES,https://font.download/font/helvetica-neue-5,Neue Helvetica 107 Condensed,Neue Helvetica 107 Condensed,Neue Helvetica 107 Condensed,helvetica-bold-condensed
,,,,,,,
,,,,,,,
,,,,,,,
,,,,,,,
,,,,,,,
,,,,,,,
,,,,,,,
,,,,,,,
,,,,,,,
,,,,,,,
,,,,,,,
,,,,,,,
,,,,,,,
,,,,,,,
10043,Helvetica-BoldOblique.ttf,YES,https://font.download/font/helvetica-255,Helvetica Pro Narrow Bold Oblique,Helvetica Pro Narrow Bold Oblique,Helvetica Pro Narrow Bold Oblique,helvetica-bold-condensed
10044,times.ttf,YES,https://font.download/font/times-new-roman,Times New Roman Pro Regular,Times New Roman Pro Regular,Times New Roman Pro Regular,times-ten(family)
,,,,,,,
,,,,,,,
10047,Helvetica-Bold.ttf,YES,https://font.download/font/helvetica-255,Helvetica Thai Bold,Helvetica Thai Bold,Helvetica Thai Bold,helvetica-bold-condensed
10048,STENCIL.TTF,YES,https://font.download/font/stencil,Trade Stencil Regular,Trade Stencil Regular,Trade Stencil Regular,stencil
10049,HMSGilbertSans-Regular.ttf,YES,https://en.bestfonts.pro/font/hms-gilbert,HMS Gilbert Serif,HMS Gilbert Serif,HMS Gilbert Serif,elixir-sans-regular
10050,Helvetica-Bold.ttf,YES,https://font.download/font/helvetica-255,Helvetica Pro Narrow Bold,Helvetica Pro Narrow Bold,Helvetica Pro Narrow Bold,helvetica-bold-condensed
10051,Trocchi-Regular.ttf,YES,https://fonts.google.com/specimen/Trocchi,National Forest Print Bold,National Forest Print Bold,National Forest Print Bold,
10052,Helvetica-Bold.ttf,YES,https://font.download/font/helvetica-255,Helvetica Now Pro Text Bold,Helvetica Now Pro Text Bold,Helvetica Now Pro Text Bold,helvetica-bold-condensed
10053,Helvetica-Bold.ttf,YES,https://font.download/font/helvetica-255,Helvetica Pro Textbook Bold,Helvetica Pro Textbook Bold,Helvetica Pro Textbook Bold,helvetica-bold-condensed
10054,nimbus-sans-bold.otf,YES,https://www.freefontdownload.org/en/nimbus-sans-bold.font,Nimbus Sans Std Bold,Nimbus Sans Std Bold,Nimbus Sans Std Bold,nimbus-sans(family)
10055,TimesTen.ttf,YES,https://font.download/font/times-ten,Times Ten Pro Bold,Times Ten Pro Bold,Times Ten Pro Bold,times-ten(family)
10056,Swiss 924 Regular.otf,YES,https://dafont.style/download/swiss-924-regular-font.html,Swiss 924 Std Regular,Swiss 924 Std Regular,Swiss 924 Std Regular,swiss-924-regular
10057,steelfish.ttf,YES,https://font.download/font/steelfish,Sansmatica Condensed Oblique,Sansmatica Condensed Oblique,Sansmatica Condensed Oblique,steelfish(family)
10058,PF Fusion Sans Pro Black.ttf,YES,https://dafont.style/download/pf-fusion-sans-pro-black-font.html,PF Fusion Sans Pro Black,PF Fusion Sans Pro Black,PF Fusion Sans Pro Black,pf-fusion-sans-pro-black
10059,Heezpiero-X3yPg.otf,YES,https://font.download/font/heezpiero,Heezpiero,Heezpiero,Heezpiero,heezpiero
10060,goudy-serial-xbold.ttf,YES,https://www.freefontdownload.org/en/goudy-serial-xbold.font,Goudy Serial Xbold,Goudy Serial Xbold,Goudy Serial Xbold,goudy-serial-xbold
10061,Tanseek Modern Pro Arabic.ttf,YES,https://dafont.style/download/tanseek-modern-pro-arabic-font.html,Tanseek Modern Arabic Medium,Tanseek Modern Arabic Medium,Tanseek Modern Arabic Medium,tanseek-modern-pro-arabic
10062,cabrito-contrast-bold.ttf,YES,https://www.freefontdownload.org/en/cabrito-contrast-bold.font,Cabrito Contrast Ext Demi,Cabrito Contrast Ext Demi,Cabrito Contrast Ext Demi,cabrito-contrast-bold
10063,Coastal-Clean.ttf,YES,https://en.bestfonts.pro/font/coastal,Coastal Round,Coastal Round,Coastal Round,
10064,AnonymousPro-Regular.ttf,YES,https://fonts.google.com/specimen/Anonymous+Pro,Gineso Titling Thin,Gineso Titling Thin,Gineso Titling Thin,anonymous-pro(family)
10065,zMTTRoma-Bold.ttf,YES,https://www.freefonts.io/mtt-roma-font-family/,MTT Roma Bold,MTT Roma Bold,MTT Roma Bold,
10066,SpaceMono-Regular.ttf,YES,https://fonts.google.com/specimen/Space+Mono,CA Normal Left Medium,CA Normal Left Medium,CA Normal Left Medium,splashed-regular
10067,Laramie Pro Bold.otf,YES,https://fontsgeek.com/fonts/Laramie-Pro-Bold,Laramie Pro Bold,Laramie Pro Bold,Laramie Pro Bold,laramie-pro-bold
10068,ProbaPro-Regular.otf,YES,https://www.fontshmonts.com/text-fonts/proba-pro/,Proba Pro,Proba Pro,Proba Pro,carimbo-regular
10069,DupincelLargeTest-Book.otf,YES,https://font.download/font/dupincel-large-test,Dupincel Large Book,Dupincel Large Book,Dupincel Large Book,dupincel-large-test(family)
10070,Orbitron-Regular.ttf,YES,https://fonts.google.com/specimen/Orbitron,Parkson Black,Parkson Black,Parkson Black,carimbo-regular
10071,randisious.ttf,YES,https://www.freefontdownload.org/en/randisious.font,Randisious,Randisious,Randisious,randisious
10072,Northwell.ttf,YES,https://freefontsfamily.org/northwell-font-free-download/,Northwell Reg,Northwell Reg,Northwell Reg,northwell(family)
,,,,,,,
10074,Barlow-Regular.ttf,YES,https://fonts.google.com/specimen/Barlow,Ansage Medium CD Italic,Ansage Medium CD Italic,Ansage Medium CD Italic,carimbo-regular
10075,Didot.otf,YES,https://font.download/font/didot-2,didot,didot,didot,
10076,BebasNeue.otf,YES,https://font.download/font/bebas-neue,Bebas Neue,Bebas Neue,Bebas Neue,bebas-neue(family)
10077,LeagueGothic-Regular.otf,YES,https://www.1001fonts.com/league-gothic-font.html,League Gothic Font Family,League Gothic Font Family,League Gothic Font Family,league-gothic(family)
10078,CenturyGothicPaneuropeanRegular.ttf,YES,https://font.download/font/century-gothic-paneuropean,Century Gothic,Century Gothic,Century Gothic,century-gothic-paneuropean(family)
10079,impact.ttf,YES,https://font.download/font/impact,Impact,Impact,Impact,impact(family)
10080,PatrickHand-Regular.ttf,YES,https://fonts.google.com/specimen/Patrick+Hand,Patrick Hand,Patrick Hand,Patrick Hand,patrick-hand
10081,Sans-Andreas-Regular-Demo.ttf,YES,https://www.whatfontis.com/FF_Sans-Andreas-Regular.font,Sans Andreas Regular font,Sans Andreas Regular font,Sans Andreas Regular font,sans-andreas-regular(family)
10082,Gotham Book.otf,YES,https://fontsgeek.com/fonts/Gotham-Book,Gotham Book,Gotham Book,Gotham Book,gotham-book
10083,Helvetica-Bold.ttf,YES,https://font.download/font/helvetica-255,Helvetica bold,Helvetica bold,Helvetica bold,helvetica-bold-condensed
10084,Helvetica-Bold.ttf,YES,https://font.download/font/helvetica-255,Helvetica bold,Helvetica bold,Helvetica bold,helvetica-bold-condensed
10085,arsenale_white.ttf,YES,https://www.whatfontis.com/FF_Arsenale-White.font,Arsenale White font,Arsenale White font,Arsenale White font,arsenale-white
10086,MYRIADPRO-REGULAR.OTF,YES,https://font.download/font/myriad-pro,Myriad Pro,Myriad Pro,Myriad Pro,
10087,Helvetica-Bold.ttf,YES,https://font.download/font/helvetica-255,Helvetica bold,Helvetica bold,Helvetica bold,helvetica-bold-condensed
10088,times.ttf,YES,https://font.download/font/times-new-roman,Times New Roman Seven Regular,Times New Roman Seven Regular,Times New Roman Seven Regular,times-ten(family)
10089,bobby-jones-regular.otf,YES,https://www.freefontdownload.org/en/bobby-jones-regular.font,"Bobby Jones Regular","Bobby Jones Regular","Bobby Jones Regular",bobby-jones-regular
10090,georgia.ttf,YES,https://font.download/font/georgia-2,georgia font,georgia font,georgia font,georgia-2(family)
10091,bobby-jones-regular.otf,YES,https://www.freefontdownload.org/en/bobby-jones-regular.font,Bobby Jones Regular,Bobby Jones Regular,Bobby Jones Regular,bobby-jones-regular
10092,impact.ttf,YES,https://font.download/font/impact,Impact,Impact,Impact,impact(family)
10093,Elmo.ttf,YES,https://www.whatfontis.com/FF_Elmo.font,Elmo font,Elmo font,Elmo font,elmo
10094,HelveticaNeueBold.otf,YES,https://font.download/font/helvetica-neue-5,Helvetica Neue Bold,Helvetica Neue Bold,Helvetica Neue Bold,helvetica-neue(family)
10095,bobby-jones-regular.otf,YES,https://www.freefontdownload.org/en/bobby-jones-regular.font,"Bobby Jones Regular","Bobby Jones Regular","Bobby Jones Regular",bobby-jones-regular
10096,georgiab.ttf,YES,https://font.download/font/georgia-2,Georgia Bold,Georgia Bold,Georgia Bold,georgia-2(family)
10097,Helvetica Bold Condensed.otf,YES,https://dafont.style/download/helvetica-condensed-bold-font.html,Helvetica condensed Bold ,Helvetica condensed Bold ,Helvetica condensed Bold ,helvetica-bold-condensed
,,,,,,,
10099,Helvetica-Bold.ttf,YES,https://font.download/font/helvetica-255,"Helvetica Now Pro Display ExtraBold Italic","Helvetica Now Pro Display ExtraBold Italic","Helvetica Now Pro Display ExtraBold Italic",helvetica-bold-condensed
10100,bobby-jones-regular.otf,YES,https://www.freefontdownload.org/en/bobby-jones-regular.font,Bobby Jones Regular,Bobby Jones Regular,Bobby Jones Regular,bobby-jones-regular
,,,,,,,
,,,,,,,
10103,DK Boarding House I.otf,YES,https://www.whatfontis.com/FF_DK-Boarding-House-I-Regular.font,DK Boarding House I Regular font,DK Boarding House I Regular font,DK Boarding House I Regular font,dk-boarding-house-i-regular(family)
10104,BebasNeue.otf,YES,https://font.download/font/bebas-neue,Bebas Neue,Bebas Neue,Bebas Neue,bebas-neue(family)
10105,impact.ttf,YES,https://font.download/font/impact,Impact,Impact,Impact,impact(family)
10106,HelveticaNeueBold.otf,YES,https://font.download/font/helvetica-neue-5,"Neue Helvetica Georgian 75 Bold","Neue Helvetica Georgian 75 Bold","Neue Helvetica Georgian 75 Bold",helvetica-neue(family)
10107,BebasNeue.otf,YES,https://font.download/font/bebas-neue,Bebas Neue,Bebas Neue,Bebas Neue,bebas-neue(family)
10108,Putumayo.ttf,YES,https://www.whatfontis.com/FF_Putumayo.font,Putumayo,Putumayo,Putumayo,putumayo
10109,THUDUO1T.TTF,YES,https://www.whatfontis.com/FF_VI-Thuoc-Duoc-Hoa.font,VI Thuoc Duoc Hoa,VI Thuoc Duoc Hoa,VI Thuoc Duoc Hoa,
10110,OPTIFutura-ExtraBlackCond.otf,YES,https://www.whatfontis.com/FF_OPTIFutura-ExtraBlackCond.font,OPTIFutura-ExtraBlackCond font,OPTIFutura-ExtraBlackCond font,OPTIFutura-ExtraBlackCond font,optifutura-extrablackcond
10111,lemon squeezy .ttf,YES,https://www.whatfontis.com/FF_lemon-squeezy.font,lemon squeezy,lemon squeezy,lemon squeezy,lemon-squeezy
10112,bobby-jones-regular.otf,YES,https://www.freefontdownload.org/en/bobby-jones-regular.font,"Bobby Jones Soft Regular","Bobby Jones Soft Regular","Bobby Jones Soft Regular",bobby-jones-regular
10113,HelveticaNeueBold.otf,YES,https://font.download/font/helvetica-neue-5,"Neue Helvetica Pro 77 Condensed Bold","Neue Helvetica Pro 77 Condensed Bold","Neue Helvetica Pro 77 Condensed Bold",helvetica-neue(family)
10114,avenir-next-bold.ttf,YES,https://www.freefontdownload.org/en/avenir-next-bold.font,Avenir Next Bold,Avenir Next Bold,Avenir Next Bold,avenir-next-bold
10115,OPTIKartoon.otf,YES,https://www.whatfontis.com/FF_OPTIKartoon.font,OPTIKartoon,OPTIKartoon,OPTIKartoon,optikartoon
10116,MADE Tommy Soft Medium PERSONAL USE.otf,YES,https://www.whatfontis.com/FF_MADETommySoft-Medium.font,MADETommySoft-Medium,MADETommySoft-Medium,MADETommySoft-Medium,madetommysoft-medium(family)
10117,Anton-Regular.ttf,YES,https://fonts.google.com/specimen/Anton,Anton Regular,Anton Regular,Anton Regular,malkuns-regular
10118,HelveticaNeueBold.otf,YES,https://font.download/font/helvetica-neue-5,Helvetica Neue Bold ,Helvetica Neue Bold ,Helvetica Neue Bold ,helvetica-neue(family)
10119,impact.ttf,YES,https://font.download/font/impact,Impact,Impact,Impact,impact(family)
10120,bobby-jones-regular.otf,YES,https://www.freefontdownload.org/en/bobby-jones-regular.font,Bobby Jones Regular,Bobby Jones Regular,Bobby Jones Regular,bobby-jones-regular
10121,Collapsed System CAPS.ttf,YES,https://www.whatfontis.com/FF_Collapsed-System-CAPS.font,Collapsed System CAPS,Collapsed System CAPS,Collapsed System CAPS,collapsed-system-caps
10122,bitcrusher condensed bd.ttf,YES,https://www.whatfontis.com/FF_BitcrusherCdRg-Bold.font,BitcrusherCdRg-Bold,BitcrusherCdRg-Bold,BitcrusherCdRg-Bold,bitcrushercdrg-bold
10123,MEDIAN30.TTF,YES,https://www.whatfontis.com/FF_Medianburner.font,Medianburner,Medianburner,Medianburner,
10124,HelveticaNeueBlack.otf,YES,https://font.download/font/helvetica-neue-5,"Neue Helvetica Paneuropean 97 Condensed Black","Neue Helvetica Paneuropean 97 Condensed Black","Neue Helvetica Paneuropean 97 Condensed Black",helvetica-neue(family)
10125,HelveticaNeueBold.otf,YES,https://font.download/font/helvetica-neue-5,Helvetica bold,Helvetica bold,Helvetica bold,helvetica-neue(family)
10126,bobby-jones-regular.otf,YES,https://www.freefontdownload.org/en/bobby-jones-regular.font,"Bobby Jones Regular","Bobby Jones Regular","Bobby Jones Regular",bobby-jones-regular
10127,SEBASTIAN_INFORMAL.otf,YES,https://www.whatfontis.com/FF_SEBASTIAN-INFORMAL.font,SEBASTIAN INFORMAL,SEBASTIAN INFORMAL,SEBASTIAN INFORMAL,sebastian-informal
10128,Montserrat-ExtraBold.ttf,YES,https://fonts.google.com/specimen/Montserrat,Montserrat ExtraBold,Montserrat ExtraBold,Montserrat ExtraBold,
10129,ARIAL.TTF,YES,Arial Font Family Download,Arial,Arial,Arial,
10130,FUTURAMEDIUM.TTF,YES,Futura-Medium Font Family Download,Futura,Futura,Futura,futura-medium(family)
10131,Helvetica-Bold.ttf,YES,https://font.download/font/helvetica-255,"Helvetica Now Pro Display ExtraBold","Helvetica Now Pro Display ExtraBold","Helvetica Now Pro Display ExtraBold",helvetica-bold-condensed
10132,Warpaint.ttf,YES,https://www.whatfontis.com/FF_Warpaint.font,Warpaint,Warpaint,Warpaint,warpaint
10133,Canela-Regular-Trial.otf,YES,https://font.download/font/canela-text-trial,Canela,Canela,Canela,canela-text-trial(family)
10134,TallDrink.ttf,YES,https://www.whatfontis.com/FF_Tall-Drink.font,Tall Drink,Tall Drink,Tall Drink,tall-drink
10135,Helvetica.ttf,YES,https://www.whatfontis.com/FF_Lunchtype24-Expanded-Medium.font,Helvetica,Helvetica,Helvetica,helvetica(family)
10136,FUTURAMEDIUM.TTF,YES,Futura-Medium Font Family Download,Futura,Futura,Futura,futura-medium(family)
10137,Didot.otf,YES,Didot Font Family Download | Free Font.Download,Didot,Didot,Didot,
10138,DancingScript-Regular.ttf,YES,Dancing Script Font Family Download | Free Font.Download,Dancing Script,Dancing Script,Dancing Script,dancing-script(family)
10139,OPTIAlternateThree.otf,YES,https://www.ffonts.net/OPTIAlternateThree.font,OPTIAlternateThree font,OPTIAlternateThree font,OPTIAlternateThree font,OPTIAlternateThree
10140,LuckiestGuy-Regular.ttf,YES,Luckiest Guy - Google Fonts,Luckiest guy,Luckiest guy,Luckiest guy,Luckiest_Guy
10141,Crashbow.otf,YES,Crashbow Font | dafont.com,Crashbow,Crashbow,Crashbow,crashbow
10142,Iron & Brine.ttf,YES,Iron & Brine font,Iron & Brine font,Iron & Brine font,Iron & Brine font,Iron-Brine
10143,Helvetica.ttf,YES,https://font.download/font/helvetica-255,Helvetica,Helvetica,Helvetica,helvetica(family)
10144,JiwakuMenanti-qZGO2.otf,YES,Jiwaku Menanti Font | Sronstudio | FontSpace,Jiwaku Menanti Font,Jiwaku Menanti Font,Jiwaku Menanti Font,jiwaku-menanti-font
10145,Endless heartache.ttf,YES,Endless heartache font,Endless heartache font,Endless heartache font,Endless heartache font,Endless heartache
10146,Anko-PersonalUse-Medium.otf,YES,Anko Personal Use Font Family Download,AnkoPersonalUse-Medium font,AnkoPersonalUse-Medium font,AnkoPersonalUse-Medium font,anko-personal-use
10147,PH-400RegularCaps.otf,YES,PH Font Family Download | Free Font.Download,PH 400 Regular Caps font,PH 400 Regular Caps font,PH 400 Regular Caps font,
10148,Landw.ttf,YES,Land Whale Font Family Download | Free Font.Download,Land Whale font,Land Whale font,Land Whale font,
10149,hectic.ttf,YES,hectic Font Download,hectic font,hectic font,hectic font,hectic
10150,QUANTU1H.TTF,YES,VI Quan Tu Font | Download for Free - FFonts.net,VI Quan Tu font,VI Quan Tu font,VI Quan Tu font,VI-Quan-Tu
10151,VREMFB__.TTF,YES,VremyaFWF Bold font | Fonts2u.com,VremyaFWF Bold font,VremyaFWF Bold font,VremyaFWF Bold font,vremyafwf
10152,Unability.otf,YES,Unability Font | dafont.com,Unability font,Unability font,Unability font,unability
10153,StormlandPersonalUseOnlyMedium-DOypx.otf,YES,Stormland PERSONAL USE ONLY Font Family Download | Free Font.Download,Stormland PERSONAL USE ONLY Medium font,Stormland PERSONAL USE ONLY Medium font,Stormland PERSONAL USE ONLY Medium font,stormland-personal-use-only
10154,COMICBOLD.ttf,YES,COMICBOLD Font | Download for Free - FFonts.net,COMICBOLD font,COMICBOLD font,COMICBOLD font,COMICBOLD
10155,Pelita Std-Bold.otf,YES,Pelita Grande Std Font Family Download,Pelita Grande Std Font Family,Pelita Grande Std Font Family,Pelita Grande Std Font Family,compacta-std-bold
10156,DK Cut Along.otf,YES,DK Cut Along Font | dafont.com,Cut Along Regular,Cut Along Regular,Cut Along Regular,dk_cut_along
10157,Minneapolis.ttf,YES,Minneapolis Font | dafont.com,Minneapolis font,Minneapolis font,Minneapolis font,minneapolis
10158,KOMIKAH_.ttf,YES,Komika Hands Font Family Download,Komika Hands Font Family,Komika Hands Font Family,Komika Hands Font Family,komika-hands
10159,Bienetresocial.ttf,YES,Bienetresocial Font Family Download,Bienetresocial Font Family,Bienetresocial Font Family,Bienetresocial Font Family,bienetresocial
10160,WinstonRegular.ttf,YES,Winston Font Family Download,Winston Black font,Winston Black font,Winston Black font,wien-pro-unic-regular
10161,Helvetica-Bold.ttf,YES,Helvetica Font Family Download,"Helvetica Now Pro Display ExtraBold","Helvetica Now Pro Display ExtraBold","Helvetica Now Pro Display ExtraBold",helvetica-bold-condensed
10162,villainteamup.ttf,YES,Villain Team-Up Font Family Download,Villain Team-Up font,Villain Team-Up font,Villain Team-Up font,villain-team-up
10163,Daily WALKER Font by 7NTypes.otf,YES,https://online-fonts.com/fonts/daily-walker/download,DailyWALKER font,DailyWALKER font,DailyWALKER font,
10164,Widdershins DEMO.otf,YES,Widdershins DEMO Font Download,Widdershins DEMO Font,Widdershins DEMO Font,Widdershins DEMO Font,widdershins-demo
10165,Gaffer Type.ttf,YES,Gaffer Type Font Download,Gaffer Type Font,Gaffer Type Font,Gaffer Type Font,
10166,Iwona-Regular.otf,YES,Iwona Font Family Download | Free Font.Download,Iwona Font Family,Iwona Font Family,Iwona Font Family,
10167,Relax - Personal Use by. HIRO.std.ttf,YES,https://www.fontget.com/font/relax-1/,Relax,Relax,Relax,
10168,Astronaut City.ttf,YES,Astronaut City Font Download,Astronaut City font,Astronaut City font,Astronaut City font,astronaut city
10169,Fragile Bombers.otf,YES,Fragile Bombers Font | dafont.com,Fragile Bombers Font Family,Fragile Bombers Font Family,Fragile Bombers Font Family,fragile_bombers
10170,garamond_[allfont.ru].ttf,YES,Garamond Font Download,Garamond Font,Garamond Font,Garamond Font,
10171,PermanentMarker-Regular.ttf,YES,Permanent Marker - Google Fonts,Permanent Marker,Permanent Marker,Permanent Marker,Permanent_Marker
10172,Sunbird DEMO.otf,YES,Sunbird DEMO Regular font - Handwritten Playful,Sunbird,Sunbird,Sunbird,sunbird
10173,FuturaStdBold.otf,YES,https://www.deefont.com/futura-font-family/,Futura Bold,Futura Bold,Futura Bold,futura-std(family)
10174,Peanut Crunch DEMO.otf,YES,Peanut Crunch Font | dafont.com,Peanut Crunch,Peanut Crunch,Peanut Crunch,peanut_crunch
10175,Random Wednesday.ttf,YES,https://www.dafont.com/random-wednesday.font,Random Wednesday ,Random Wednesday ,Random Wednesday ,random_wednesday
10176,Helvetica-Bold.ttf,YES,https://font.download/font/helvetica-255,Helvetica Now Display Bold,Helvetica Now Display Bold,Helvetica Now Display Bold,helvetica-bold-condensed
10177,Helvetica.ttf,YES,https://font.download/font/helvetica-255,Helvetica ,Helvetica ,Helvetica ,helvetica(family)
10178,Helvetica-Bold.ttf,YES,https://font.download/font/helvetica-255,Helvetica Thai Bold,Helvetica Thai Bold,Helvetica Thai Bold,helvetica-bold-condensed
10179,Helvetica.ttf,YES,https://font.download/font/helvetica-255,Helvetica,Helvetica,Helvetica,helvetica(family)
10180,HelveticaNeueMedium.otf,YES,https://font.download/font/helvetica-neue-5,Neue Helvetica,Neue Helvetica,Neue Helvetica,helvetica-neue(family)
10181,HelveticaNeueMedium.otf,YES,https://font.download/font/helvetica-neue-5,Neue Helvetica,Neue Helvetica,Neue Helvetica,helvetica-neue(family)
10182,Comic Sans MS.ttf,YES,https://online-fonts.com/fonts/comic-sans-ms,Comic Sans MS,Comic Sans MS,Comic Sans MS,comic-sans-ms
10183,chamberi-text-semi-bold.otf,YES,maisfontes.com/chamberi-text-semi-bold.font,Chamberi Text SemiBold,Chamberi Text SemiBold,Chamberi Text SemiBold,chamberi-text-semi-bold
10184,BebasNeue.otf,YES,https://font.download/font/bebas-neue,Bebas Neue,Bebas Neue,Bebas Neue,bebas-neue(family)
10185,BebasNeue.otf,YES,https://font.download/font/bebas-neue,Bebas Neue,Bebas Neue,Bebas Neue,bebas-neue(family)
10186,Tablet Gothic Narrow W02 Rg.ttf,YES,https://freefontsfamily.org/tablet-gothic-font-free-download/,Tablet Gothic Norrow ExtraBold,Tablet Gothic Norrow ExtraBold,Tablet Gothic Norrow ExtraBold,
10187,Knopa Bold.otf,YES,https://ifonts.xyz/knopa-font.html,Knopa Bold,Knopa Bold,Knopa Bold,
10188,JazzyCroquette Bold.otf,YES,https://freefonts.co/fonts/jazzycroquette-bold,Jazzy Croquette Bold,Jazzy Croquette Bold,Jazzy Croquette Bold,jazzycroquette-bold
10189,cooperative-bold.otf,YES,https://maisfontes.com/cooperative-bold.font,Cooperative Bold,Cooperative Bold,Cooperative Bold,cooperative-bold
10190,europa-grotesk-medium.ttf,YES,https://www.freefontdownload.org/en/europa-grotesk-medium.font,Europa Grotesk SH Med,Europa Grotesk SH Med,Europa Grotesk SH Med,europa-grotesk-medium
10191,carmen-sans-semi-bold.otf,YES,maisfontes.com/carmen-sans-semi-bold.lettertype,Carmen Sans Semi Bold,Carmen Sans Semi Bold,Carmen Sans Semi Bold,carmen-sans-semi-bold
10192,GellerSansCompressedTest-Black-uploaded-63b63c610cd8b.otf,YES,https://befonts.com/geller-sans-font-family.html,Geller Sans Black,Geller Sans Black,Geller Sans Black,
10193,Carimbo Regular.ttf,YES,https://freefonts.co/fonts/carimbo-regular,Lippy Sans,Lippy Sans,Lippy Sans,carimbo-regular
10194,Basquiat Regular.otf,YES,https://fontsgeek.com/fonts/Basquiat-Regular,Basquiat Irregular Wide,Basquiat Irregular Wide,Basquiat Irregular Wide,basquiat-regular
10195,Gross Regular.otf,YES,https://www.whatfontis.com/FF_Gross-Marivo.font,Lost and Foundry FS ST James,Lost and Foundry FS ST James,Lost and Foundry FS ST James,elixir-sans-regular
10196,VremenaGrotesk.otf,YES,https://www.whatfontis.com/FF_VremenaGrotesk.font,BB Noname Pro Semi Bold,BB Noname Pro Semi Bold,BB Noname Pro Semi Bold,vremenagrotesk
10197,Gordita-Bold.otf,YES,https://dafont.style/download/gordita-font.html,Gordita Bold,Gordita Bold,Gordita Bold,gordita
10198,Lavana Personal Use or Demo.otf,YES,https://www.whatfontis.com/NMY_Lavana-Regular.font,Lavana,Lavana,Lavana,anko-personal-use
10199,HelveticaNeueBold.otf,YES,https://font.download/font/helvetica-neue-5,Neue Helvetica Thai Bold,Neue Helvetica Thai Bold,Neue Helvetica Thai Bold,helvetica-neue(family)
10200,nimbus-sans-bold.otf,YES,https://www.freefontdownload.org/en/nimbus-sans-bold.font,Nimbus Sans Arabic Bold,Nimbus Sans Arabic Bold,Nimbus Sans Arabic Bold,nimbus-sans(family)
10201,Sandy Antoniuss.otf,YES,https://font.download/font/sandy-antoniuss,Sandy Antoniuss Regular,Sandy Antoniuss Regular,Sandy Antoniuss Regular,sandy-antoniuss
10202,FUTURAMEDIUM.TTF,YES,https://font.download/font/futura-medium,Futura Medium,Futura Medium,Futura Medium,futura-medium(family)
10203,RetroSignature-2ODoK.otf,YES,https://font.download/font/retro-signature,Retro Signature Regular,Retro Signature Regular,Retro Signature Regular,retro-signature
10204,Byronic Light.otf,YES,https://ifonts.xyz/byronic-font.html,Byronic Light ,Byronic Light ,Byronic Light ,
10205,Aragon Sans SC Bold.otf,YES,https://freefonts.co/fonts/aragon-sans-sc-bold,URLOP DIY Outline,URLOP DIY Outline,URLOP DIY Outline,aragon-sans-sc-bold
10206,compacta-std-bold.otf,YES,https://www.freefontdownload.org/en/compacta-std-bold.font,"Compacta SH Bold","Compacta SH Bold","Compacta SH Bold",compacta-std-bold
10207,Bondan-Regular.ttf,YES,https://en.bestfonts.pro/font/bondan,"Bondan Regular Bold","Bondan Regular Bold","Bondan Regular Bold",
10208,Bread Store.ttf,YES,https://www.cufonfonts.com/font/bread-store,Bread Store Caps,Bread Store Caps,Bread Store Caps,bread-store
10209,Assistant-Regular.ttf,YES,https://fonts.google.com/specimen/Assistant,"Six Minutes Narrow 300","Six Minutes Narrow 300","Six Minutes Narrow 300",basquiat-regular
10210,Fredoka-Regular.ttf,YES,https://fonts.google.com/specimen/Fredoka,Yarker,Yarker,Yarker,revelstoke-regular
10211,Ithaka.ttf,YES,https://font.download/font/ithaka,Ithaka Bold,Ithaka Bold,Ithaka Bold,ithaka
10212,CormorantGaramond-VariableFont_wght.ttf,YES,https://fonts.google.com/specimen/Cormorant+Garamond,Verdigris MVB Pro Text Regular Caps,Verdigris MVB Pro Text Regular Caps,Verdigris MVB Pro Text Regular Caps,cormorant-garamond(family)
10213,Krysttal Spears Free.ttf,YES,https://online-fonts.com/fonts/krysttal-spears-free,"Krysttal Spears","Krysttal Spears","Krysttal Spears",krysttal-spears
10214,Asket Extrabold.otf,YES,https://font.download/font/asket-condensed,"Asket Condensed-Medium","Asket Condensed-Medium","Asket Condensed-Medium",
10215,Fontspring-DEMO-grobek-normal.otf,YES,https://befonts.com/grobek-font-family.html,"Grobek Normal","Grobek Normal","Grobek Normal",
10216,ChristmasBellaRegular-EaeRn.ttf,YES,https://font.download/font/christmas-bella,"Christmas Bella","Christmas Bella","Christmas Bella",christmas-bella
10217,DK Framboisier.otf,YES,https://www.1001freefonts.com/dk-framboisier.font,Framboisier Regular,Framboisier Regular,Framboisier Regular,dk-framboisier
10218,UnicaOne-Regular.ttf,YES,https://fonts.google.com/specimen/Unica+One,Spaco Stencil SC Light,Spaco Stencil SC Light,Spaco Stencil SC Light,carimbo-regular
10219,BebasNeue.otf,YES,https://font.download/font/bebas-neue,"Bebas Neue","Bebas Neue","Bebas Neue",bebas-neue(family)
10220,DK Semarang.otf,YES,https://www.1001freefonts.com/semarang.font,Semarang,Semarang,Semarang,semarang
10221,hg-gothic-e.ttf,YES,https://www.freefontdownload.org/en/hg-gothic-e.font,HG Gothic Extrabold,HG Gothic Extrabold,HG Gothic Extrabold,hg-gothic-e
10222,Bimbo Trial.ttf,YES,https://font.download/font/bimbo,Bimbo Regular,Bimbo Regular,Bimbo Regular,
10223,Rubik-VariableFont_wght.ttf,YES,https://fonts.google.com/specimen/Rubik,RRollie Semi Bold,RRollie Semi Bold,RRollie Semi Bold,
10224,London-BF6543ac8fa30ed.otf,YES,https://font.download/font/london-3,"London Handlettering","London Handlettering","London Handlettering",
10225,BebasNeue.otf,YES,https://font.download/font/bebas-neue,"Bebas Neue","Bebas Neue","Bebas Neue",bebas-neue(family)
10226,Linotype Ego.ttf,YES,https://legionfonts.com/fonts/linotype-ego,"Linotype Ego Pro Regular","Linotype Ego Pro Regular","Linotype Ego Pro Regular",linotype-ego
,,,,,,,
10228,Chantal Medium Regular.ttf,YES,https://freefonts.co/fonts/chantal-medium-regular,Chantal Cyrillic Light,Chantal Cyrillic Light,Chantal Cyrillic Light,chantal-medium-regular
,,,,,,,
10230,DancingScript-VariableFont_wght.ttf,YES,https://fonts.google.com/specimen/Dancing+Script,"Kayto Hand","Kayto Hand","Kayto Hand",
10231,DharmaGothicE_Regular_R.otf,YES,https://fonts.google.com/specimen/Great+Vibes,JH Lea,JH Lea,JH Lea,dharma-gothic-e(family)
10232,Baloo2-VariableFont_wght.ttf,YES,https://fonts.google.com/specimen/Baloo+2,"El Grosa Round","El Grosa Round","El Grosa Round",
10233,SensaWild-Fill.ttf,YES,https://en.bestfonts.pro/font/download-web/5dcc0cf36e1d366bf1dd9db1/SensaWild-Fill,Sensa Wild Fill,Sensa Wild Fill,Sensa Wild Fill,sensa-wild-fill
10234,WinkySans-VariableFont_wght.ttf,YES,https://fonts.google.com/specimen/Winky+Sans?query=sans&script=Latn,Dephion Sans,Dephion Sans,Dephion Sans,
10235,"NunitoSans-VariableFont_YTLC,opsz,wdth,wght.ttf",YES,https://fonts.google.com/specimen/Nunito+Sans,"Headley Sans","Headley Sans","Headley Sans",
10236,Kalam-Bold.ttf,YES,https://fonts.google.com/specimen/Kalam?script=Latn&categoryFilters=Calligraphy:%2FScript%2FHandwritten,"Dynamic Schematic","Dynamic Schematic","Dynamic Schematic",
10237,ShadowsIntoLight-Regular.ttf,YES,https://fonts.google.com/specimen/Shadows+Into+Light?script=Latn&categoryFilters=Calligraphy:%2FScript%2FInformal,"Sidney Bloom Regular","Sidney Bloom Regular","Sidney Bloom Regular",shadows-into-light
10238,breulgroteska-regular.otf,YES,https://www.dafontfree.co/breul-grotesk-font-family/,Breul Grotesk A Semi,Breul Grotesk A Semi,Breul Grotesk A Semi,breul-grotesk(family)
10239,Barlow-Bold.ttf,YES,https://fonts.google.com/specimen/Barlow,Core Sans NR SC 75,Core Sans NR SC 75,Core Sans NR SC 75,
10240,bobby-jones-regular.otf,YES,https://www.freefontdownload.org/en/bobby-jones-regular.font,Bobby Jones Regular,Bobby Jones Regular,Bobby Jones Regular,bobby-jones-regular
10241,selima_.otf,YES,https://www.fontsquirrel.com/fonts/selima,Hand Sworth,Hand Sworth,Hand Sworth,selima
10242,RockSalt-Regular.ttf,YES,https://fonts.google.com/specimen/Rock+Salt,Grimnotes Regular,Grimnotes Regular,Grimnotes Regular,
10243,budmo jiggler.otf,YES,https://www.dafont.com/budmo.font,Budmo Solid,Budmo Solid,Budmo Solid,
10244,Dosis-VariableFont_wght.ttf,YES,https://fonts.google.com/specimen/Dosis?preview.text=ABCDE&query=sans+rounded,"Roves Sans Rough","Roves Sans Rough","Roves Sans Rough",
10245,DancingScript-VariableFont_wght.ttf,YES,https://fonts.google.com/specimen/Dancing+Script,KG Drops Of Jupiter,KG Drops Of Jupiter,KG Drops Of Jupiter,
10246,GreatVibes-Regular.ttf,YES,https://fonts.google.com/specimen/Great+Vibes,"Wonderhand Semi Cond20 Bold","Wonderhand Semi Cond20 Bold","Wonderhand Semi Cond20 Bold",revelstoke-regular
10247,bobby-jones-regular.otf,YES,https://www.freefontdownload.org/en/bobby-jones-regular.font,Bobby Jones Regular,Bobby Jones Regular,Bobby Jones Regular,bobby-jones-regular
10248,bobby-jones-regular.otf,YES,https://www.freefontdownload.org/en/bobby-jones-regular.font,Bobby Jones Regular,Bobby Jones Regular,Bobby Jones Regular,bobby-jones-regular
10249,BebasNeue Bold.otf,YES,https://font.download/font/bebas-neue,"Bebas Neue","Bebas Neue","Bebas Neue",bebas-neue(family)
10250,bobby-jones-regular.otf,YES,https://www.freefontdownload.org/en/bobby-jones-regular.font,Bobby Jones Regular,Bobby Jones Regular,Bobby Jones Regular,bobby-jones-regular
10251,Gosford.ttf,YES,https://www.ffonts.net/Gosford.font.download,"Gosford Light","Gosford Light","Gosford Light",gosford
10252,Boodle-ExtraBold Regular.otf,YES,https://freefonts.co/fonts/boodle-extrabold-regular,"Boodle Extra Bold","Boodle Extra Bold","Boodle Extra Bold",boodle-extrabold-regular
10253,bobby-jones-regular.otf,YES,https://www.freefontdownload.org/en/bobby-jones-regular.font,Bobby Jones Regular,Bobby Jones Regular,Bobby Jones Regular,bobby-jones-regular
10254,KGMissKindergarten.ttf,YES,https://www.dafont.com/kg-miss-kindergarten.font,"KG Miss Kindergarten","KG Miss Kindergarten","KG Miss Kindergarten",kg-miss-kindergarten
10255,bobby-jones-regular.otf,YES,https://www.freefontdownload.org/en/bobby-jones-regular.font,Bobby Jones Regular,Bobby Jones Regular,Bobby Jones Regular,bobby-jones-regular
10256,Museo700-Regular.otf,YES,https://font.download/font/museo,Museo Cyrillic 700,Museo Cyrillic 700,Museo Cyrillic 700,malkuns-regular
10257,anzeigengrot.ttf,YES,https://online-fonts.com/fonts/anzeigen-grotesk-t,Anzeigen Grotesk Pro Regular,Anzeigen Grotesk Pro Regular,Anzeigen Grotesk Pro Regular,anzeigen-grotesk-t
10258,BalboaPlus-Fill ?.ttf,YES,https://freefonts.co/fonts/balboaplus-fill,Balboa Plus-Fill,Balboa Plus-Fill,Balboa Plus-Fill,balboa-plus-fill
10259,zurich-bt-bold-extra-condensed.ttf,YES,https://www.freefontdownload.org/en/zurich-bt-bold-extra-condensed.font,"Zurich Std Bold Extra Condensed","Zurich Std Bold Extra Condensed","Zurich Std Bold Extra Condensed",zurich-bt-bold-extra-condensed
10260,BebasNeue Bold.otf,YES,https://font.download/font/bebas-neue,"Roquen Regular","Roquen Regular","Roquen Regular",bebas-neue(family)
10261,BebasNeue Bold.otf,YES,https://font.download/font/bebas-neue,"Densa Black","Densa Black","Densa Black",bebas-neue(family)
10262,Helvetica Bold Condensed.otf,YES,https://font.download/font/helvetica-255,Helvetica Pro Bold Condensed,Helvetica Pro Bold Condensed,Helvetica Pro Bold Condensed,helvetica-bold-condensed
10263,bobby-jones-regular.otf,YES,https://www.freefontdownload.org/en/bobby-jones-regular.font,Bobby Jones Regular,Bobby Jones Regular,Bobby Jones Regular,bobby-jones-regular
10264,KompotSans-ow00A.otf,YES,https://font.download/font/kompot-sans,"Kompot Sans Regular","Kompot Sans Regular","Kompot Sans Regular",kompot-sans
10265,FuturaStdBook.otf,YES,https://font.download/font/futura-std-4,"Futura Std Small Caps Book","Futura Std Small Caps Book","Futura Std Small Caps Book",futura-std(family)
10266,GalanoClassicAltBlack.otf,YES,https://font.download/font/galano-classic-alt,"Galano Classic Black","Galano Classic Black","Galano Classic Black",galano-classic-alt(family)
10267,Neilvard Three Regular.ttf,YES,https://freefonts.co/fonts/neilvard-three-regular,"Neilvard Three","Neilvard Three","Neilvard Three",neilvard-three-regular
10268,movatif_bd.otf,YES,https://fonnts.com/movatif/,"Movatif Bold","Movatif Bold","Movatif Bold",movatif(family)
10269,Generic-G20-FR-Classic-DEMO.otf,YES,https://www.cufonfonts.com/font/generic,"Generic G40 CC Slender","Generic G40 CC Slender","Generic G40 CC Slender",
10270,elixir-sans-regular.ttf,YES,https://do.maisfontes.com/elixir-sans-regular.fon,"Elixir Sans","Elixir Sans","Elixir Sans",elixir-sans-regular
10271,NexaBold.otf,YES,https://font.download/font/nexa-bold,"Nexa Black","Nexa Black","Nexa Black",
10272,Geller-Headline-Medium.otf,YES,https://fonnts.com/geller/,"Geller Headline Medium","Geller Headline Medium","Geller Headline Medium",
10273,Orbitron-VariableFont_wght.ttf,YES,https://fonts.google.com/specimen/Orbitron,"PODIUM Sharp 3.8","PODIUM Sharp 3.8","PODIUM Sharp 3.8",
10274,Kamerik105-Heavy.ttf,YES,https://ifonts.xyz/kamerik-105-font-family.html,"Kamerik 105 Heavy","Kamerik 105 Heavy","Kamerik 105 Heavy",
10275,Trocchi-Regular.ttf,YES,https://fonts.google.com/specimen/Trocchi,National Forest Print Bold,National Forest Print Bold,National Forest Print Bold,
10276,europa-grotesk-medium.ttf,YES,https://www.freefontdownload.org/en/europa-grotesk-medium.font,Europa Grotesk SH Medium,Europa Grotesk SH Medium,Europa Grotesk SH Medium,europa-grotesk-medium
10277,Univers Next Pro Heavy Condensed Italic.ttf,YES,https://font.download/font/univers-next-pro,Univers Next Pro 721 Condensed Heavy Italic,Univers Next Pro 721 Condensed Heavy Italic,Univers Next Pro 721 Condensed Heavy Italic,
10278,Pacifico-Regular.ttf,YES,https://fonts.google.com/specimen/Pacifico,Glowyts,Glowyts,Glowyts,carimbo-regular
10279,winter-delight-regular.otf,YES,maisfontes.com/winter-delight-regular.fon,Winter Delight,Winter Delight,Winter Delight,winter-delight-regular
10280,Revelstoke Regular.ttf,YES,https://freefonts.co/fonts/revelstoke-regular,Revelstoke Regular,Revelstoke Regular,Revelstoke Regular,revelstoke-regular
10281,Quicksand-VariableFont_wght.ttf,YES,https://fonts.google.com/specimen/Quicksand,Mr Dodo Medium Rounded,Mr Dodo Medium Rounded,Mr Dodo Medium Rounded,
10282,Lato-Black.ttf,YES,https://fonts.google.com/specimen/Lato,Shelton,Shelton,Shelton,
10283,Rougant_PERSONAL_USE_ONLY.otf,YES,https://www.dafont.com/rougant-rough.font,Rougant Rough,Rougant Rough,Rougant Rough,stormland-personal-use-only
10284,PeGGO Fonts - Orqquidea-Sans_DEMO Bold.otf,YES,https://befonts.com/orqquidea-font.html,Orqquidea Framed,Orqquidea Framed,Orqquidea Framed,orqquidea-sans-bold-demo
10285,BebasNeue Bold.otf,YES,https://font.download/font/bebas-neue,"Heiders Sans R2 Black","Heiders Sans R2 Black","Heiders Sans R2 Black",bebas-neue(family)
10286,Barlow-Regular.ttf,YES,https://fonts.google.com/specimen/Barlow,Evor,Evor,Evor,carimbo-regular
10287,SpecialElite-Regular.ttf,YES,https://fonts.google.com/specimen/Special+Elite,Junior Detective JNL,Junior Detective JNL,Junior Detective JNL,special-elite
10288,Reliable DEMO.otf,YES,https://www.dafont.com/reliable.font,Reliable,Reliable,Reliable,reliable
10289,HandyQuomte-Regular.ttf,YES,https://font.download/font/handy-quomte,Handy Quomte,Handy Quomte,Handy Quomte,handy-quomte
10290,tough-cookie-two.otf,YES,https://maisfontes.com/tough-cookie-two.font,Tough Cookie Two Regular,Tough Cookie Two Regular,Tough Cookie Two Regular,tough-cookie-2
10291,RockSalt-Regular.ttf,YES,https://fonts.google.com/specimen/Rock+Salt,Syndebuk Fill,Syndebuk Fill,Syndebuk Fill,
10292,hatschsanspersonaluseonlyregular-pkezg.otf,YES,https://befonts.com/hatsch-sans-font.html,Hatsch Sans Thin,Hatsch Sans Thin,Hatsch Sans Thin,
10293,RockSalt-Regular.ttf,YES,https://fonts.google.com/specimen/Rock+Salt,IGGY,IGGY,IGGY,
10294,Lavana Personal Use or Demo.otf,YES,https://befonts.com/lavana.charmap,Lavana,Lavana,Lavana,anko-personal-use
10295,DancingScript-VariableFont_wght.ttf,YES,https://fonts.google.com/specimen/Dancing+Script,Honey Painting,Honey Painting,Honey Painting,
10296,ShadowsIntoLight-Regular.ttf,YES,http://fonts.google.com/specimen/Shadows+Into+Light,Blurt,Blurt,Blurt,shadows-into-light
10297,Splashed Regular.ttf,YES,https://freefonts.co/fonts/splashed-regular,Splashed,Splashed,Splashed,splashed-regular
10298,Montserrat-VariableFont_wght.ttf,YES,https://fonts.google.com/specimen/Montserrat,Dymond Regular,Dymond Regular,Dymond Regular,
10299,Anton-Regular.ttf,YES,https://fonts.google.com/specimen/Anton,Ambiguity Pro Thrift Inline,Ambiguity Pro Thrift Inline,Ambiguity Pro Thrift Inline,malkuns-regular
10300,Exo2-VariableFont_wght.ttf,YES,https://fonts.google.com/specimen/Exo+2,Nextrue Con Regular Slant,Nextrue Con Regular Slant,Nextrue Con Regular Slant,
10301,Cinzel-VariableFont_wght.ttf,YES,https://fonts.google.com/specimen/Cinzel,Biff Bam Boom Outline,Biff Bam Boom Outline,Biff Bam Boom Outline,
10302,RockSalt-Regular.ttf,YES,https://fonts.google.com/specimen/Rock+Salt,MC Hork Beans,MC Hork Beans,MC Hork Beans,
10303,Street Anthem Regular.otf,YES,https://freefonts.co/fonts/street-anthem-regular,Street Anthem,Street Anthem,Street Anthem,street-anthem-regular
10304,cristoforo.otf,YES,https://www.maisfontes.com/cristoforo.font,Cristoforo,Cristoforo,Cristoforo,cristoforo
10305,benzin-semibold.ttf,YES,https://maisfontes.com/benzin-semibold.font,Benzin Semibold,Benzin Semibold,Benzin Semibold,benzin-semibold
,,,,,,,
10307,CynthoNextExtraBold.otf,YES,https://font.download/font/cyntho-next,Cyntho Next Extra Bold,Cyntho Next Extra Bold,Cyntho Next Extra Bold,
10308,swiss-721-bt-bold-extended.ttf,YES,https://www.freefontdownload.org/en/swiss-721-bt-bold-extended.font,Swiss 721 Bold Extended,Swiss 721 Bold Extended,Swiss 721 Bold Extended,swiss-721-bt-bold-extended
10309,europa-grotesk-medium.ttf,YES,https://www.freefontdownload.org/en/europa-grotesk-medium.font,Europa Grotesk SH Medium,Europa Grotesk SH Medium,Europa Grotesk SH Medium,europa-grotesk-medium
10310,Helvetica Bold Condensed.otf,YES,https://www.freefontdownload.org/en/helvetica-neue-condensed-bold.font,Helvetica Neue Condensed Bold,Helvetica Neue Condensed Bold,Helvetica Neue Condensed Bold,helvetica-bold-condensed
10311,rig-shaded-light-face.ttf,YES,maisfontes.com/rig-shaded-light-face.font,Rig Shaded Light Face,Rig Shaded Light Face,Rig Shaded Light Face,rig-shaded-light-face
10312,the-sign-shop-regular.ttf,YES,maisfontes.com/the-sign-shop-regular.font,Sign Shop Bold JNL Regular,Sign Shop Bold JNL Regular,Sign Shop Bold JNL Regular,the-sign-shop-regular
10313,"tafel-sans-pro-light.ttf, aries-bold.ttf",YES (both),https://www.freefontdownload.org/en/tafel-sans-pro-light.font,"(2f) Tafel Sans PC Light, Aries Bold Cap SmallCap","(2f) Tafel Sans PC Light, Aries Bold Cap SmallCap","(2f) Tafel Sans PC Light, Aries Bold Cap SmallCap",tafel-sans-pro-light
10314,BebasNeue Bold.otf,YES,https://font.download/font/bebas-neue,Bebas Neue,Bebas Neue,Bebas Neue,bebas-neue(family)
10315,wien-pro-unic-regular.otf,YES,https://www.freefontdownload.org/en/wien-pro-unic-regular.font,Wien Pro Unic Regular,Wien Pro Unic Regular,Wien Pro Unic Regular,wien-pro-unic-regular
,,,,,,,
10317,todes-medium.otf,YES,freefontdownload.org/en/todes-medium.font,Todes Medium,Todes Medium,Todes Medium,todes-medium
10318,DroidSerif-Regular.ttf,YES,https://font.download/font/droid-serif-2,"Droid Serif Pro WGL Regular","Droid Serif Pro WGL Regular","Droid Serif Pro WGL Regular",
10319,bobby-jones-condensed.otf,YES,https://www.freefontdownload.org/en/bobby-jones-condensed.font,"Bobby Jones Bobby Rough Condensed Regular","Bobby Jones Bobby Rough Condensed Regular","Bobby Jones Bobby Rough Condensed Regular",bobby-jones-condensed
,,,,,,,
10321,Manrope-VariableFont_wght.ttf,YES,https://fonts.google.com/specimen/Manrope,"Central Light","Central Light","Central Light",
,,,,,,,
,,,,,,,
,,,,,,,
,,,,,,,
,,,,,,,
,,,,,,,
,,,,,,,
,,,,,,,
10330,Helvetica-Bold.ttf,YES,https://font.download/font/helvetica-255,"Helvetica Thai Bold","Helvetica Thai Bold","Helvetica Thai Bold",helvetica-bold-condensed
,,,,,,,
10332,DK Crayon Crumble.ttf,YES,https://font.download/font/dk-crayon-crumble,"Crayon Crumble Regular","Crayon Crumble Regular","Crayon Crumble Regular",dk-crayon-crumble
,,,,,,,
10334,monarque.otf,YES,https://www.azfonts.net/fonts/monarque/regular-314287,"Monarque Regular","Monarque Regular","Monarque Regular",monarque
10335,triumviratecgcomp.otf,YES,https://font.download/font/triumvirate-cg-comp,"CG Triumvirate Condensed Black","CG Triumvirate Condensed Black","CG Triumvirate Condensed Black",triumvirate-cg-comp(family)
10336,morison-displaylight.otf,YES,https://www.dafontfree.co/morison-font/,"Morison Extrabold","Morison Extrabold","Morison Extrabold",
10337,FontMesa - MarlinSoftBasic-Regular.otf,YES,https://befonts.com/marlin-soft-font.html,"Marlin Soft SQ Extra Black","Marlin Soft SQ Extra Black","Marlin Soft SQ Extra Black",
,,,,,,,
,,,,,,,
10340,pmncaeciliasans-head-heavyobliq.otf,YES,maisfontes.com/pmncaeciliasans-head-heavyobliq.font,"PMN Caecilia Sans Pro Head Heavy Oblique","PMN Caecilia Sans Pro Head Heavy Oblique","PMN Caecilia Sans Pro Head Heavy Oblique",pmn-caecilia-sans-head-heavyobliq
10341,Chaser Rough.otf,YES,https://freefonts.co/fonts/chaser-rough,"Chaser Rough","Chaser Rough","Chaser Rough",chaser-rough
,,,,,,,
10343,StoryMakerGTDemo.ttf,YES,https://www.dafont.com/story-maker-gt.font,"Story Maker GT One","Story Maker GT One","Story Maker GT One",story_maker_gt
10344,times.ttf,YES,https://font.download/font/times-new-roman,"Times New Roman Pro Regular","Times New Roman Pro Regular","Times New Roman Pro Regular",times-ten(family)
10345,Spectral-SemiBold.ttf,YES,https://www.whatfontis.com/FF_Spectral-SemiBold.font,"FS Brabo Paneuropean Bold","FS Brabo Paneuropean Bold","FS Brabo Paneuropean Bold",spectral-semibold(family)
,,,,,,,
,,,,,,,
10348,Courage Road.otf,YES,https://www.whatfontis.com/FF_Courage-Road.font,Hanleth Sans Vintage,Hanleth Sans Vintage,Hanleth Sans Vintage,courage-road
10349,avenir-next-bold.ttf,YES,https://www.freefontdownload.org/en/avenir-next-bold.font,"Avenir Next World Bold","Avenir Next World Bold","Avenir Next World Bold",avenir-next-bold
10350,Malkuns Regular.otf,YES,https://freefonts.co/fonts/malkuns-regular,"Richard Starkings Brush Regular","Richard Starkings Brush Regular","Richard Starkings Brush Regular",malkuns-regular
10351,PF Fusion Sans Pro Black.ttf,YES,https://dafont.style/download/pf-fusion-sans-pro-black-font.html,"PF Fusion Sans Pro Black","PF Fusion Sans Pro Black","PF Fusion Sans Pro Black",pf-fusion-sans-pro-black
,,,,,,,
10353,bourton-hand-base.ttf,YES,https://www.maisfontes.com/bourton-hand-base.font,Bourton Hand Base Font,Bourton Hand Base Font,Bourton Hand Base Font,bourton-hand-base
10354,Linotype Didot Bold.otf,YES,https://freefonts.co/fonts/linotype-didot-bold,Linotype Didot Bold,Linotype Didot Bold,Linotype Didot Bold,linotype-didot-bold
10355,RelatoSansTRIAL-Rg.otf,YES,https://befonts.com/relato-sans-font-family.html,Relato Sans Bold,Relato Sans Bold,Relato Sans Bold,
10356,Grimnotes Alternate Demo.ttf,YES,https://www.dafont.com/grimnotes.font,"Grimnotes Alternates","Grimnotes Alternates","Grimnotes Alternates",
10357,nimbus-sans-bold.otf,YES,https://www.freefontdownload.org/en/nimbus-sans-bold.font,Video Black Font,Video Black Font,Video Black Font,nimbus-sans(family)
,,,,,,,
,,,,,,,
10360,nanami-rounded-heavy.otf,YES,https://ng.maisfontes.com/nanami-rounded-heavy.font,"Nanami Rounded Pro Heavy","Nanami Rounded Pro Heavy","Nanami Rounded Pro Heavy",nanami-rounded-heavy
10361,BebasNeue.otf,YES,https://font.download/font/bebas-neue,Bebas Neue Pro Bold Italic ,Bebas Neue Pro Bold Italic ,Bebas Neue Pro Bold Italic ,bebas-neue(family)
